RANK,NAME,Team,ESPN,POS,VALUE,AB,R,HR,RBI,SB,AVG,IP,W,SV,ERA,WHIP,K
1,Mike Trout,LAA,OF,OF,51,541,116,40,105,18,0.312,,,,,,
2,Jose Altuve,HOU,2B,2B,48,593,111,23,92,30,0.329,,,,,,
3,Trea Turner,WSH,SS,SS,43,581,110,16,63,47,0.302,,,,,,
4,Bryce Harper,WSH,OF,OF,41,533,96,35,109,12,0.308,,,,,,
5,Nolan Arenado,COL,3B,3B,37,602,105,39,126,3,0.291,,,,,,
6,Paul Goldschmidt,ARI,1B,1B,36,551,108,30,111,15,0.303,,,,,,
7,Mookie Betts,BOS,OF,OF,35,605,104,25,109,25,0.305,,,,,,
8,Manny Machado,BAL,3B,3B,34,617,103,36,93,9,0.288,,,,,,
9,Giancarlo Stanton,NYY,OF,OF,33,547,107,53,121,3,0.273,,,,,,
10,Kris Bryant,CHC,3B,3B/OF,32,558,108,35,95,10,0.29,,,,,,
11,Francisco Lindor,CLE,SS,SS,32,601,112,27,81,17,0.294,,,,,,
12,Freddie Freeman,ATL,1B,1B/3B,31,577,93,35,103,8,0.308,,,,,,
13,Jose Ramirez,CLE,2B/3B,2B/3B,31,577,101,25,91,21,0.315,,,,,,
14,Anthony Rizzo,CHC,1B,1B/2B,31,581,101,34,112,9,0.283,,,,,,
15,J.D. Martinez,BOS,OF,OF,30,505,91,36,109,4,0.284,,,,,,
16,George Springer,HOU,OF,OF,30,611,116,35,84,8,0.281,,,,,,
17,Cody Bellinger,LAD,1B/OF,1B/OF,29,561,101,35,109,12,0.265,,,,,,
18,Charlie Blackmon,COL,OF,OF,29,597,107,24,71,15,0.289,,,,,,
19,Joey Votto,CIN,1B,1B,29,546,99,28,95,4,0.317,,,,,,
20,Max Scherzer,WSH,SP,SP,27,,,,,,,222,18,0,2.46,0.94,277
21,Aaron Judge,NYY,OF,OF,27,511,104,40,94,7,0.244,,,,,,
22,Clayton Kershaw,LAD,SP,SP,26,,,,,,,202,17,0,2.51,0.94,225
23,Carlos Correa,HOU,SS,SS,26,572,90,32,107,5,0.298,,,,,,
24,Dee Gordon,SEA,2B,2B,26,633,108,2,36,54,0.292,,,,,,
25,Jose Abreu,CHW,1B,1B,25,625,92,32,104,2,0.296,,,,,,
26,Corey Kluber,CLE,SP,SP,25,,,,,,,205,17,0,2.61,0.97,228
27,Chris Sale,BOS,SP,SP,25,,,,,,,207,17,0,2.87,1.01,256
28,Anthony Rendon,WSH,3B,3B,24,544,92,31,108,9,0.298,,,,,,
29,Marcell Ozuna,STL,OF,OF,24,607,101,35,106,1,0.278,,,,,,
30,Edwin Encarnacion,CLE,1B,1B,24,561,92,36,109,1,0.253,,,,,,
31,Alex Bregman,HOU,SS/3B,SS/3B,24,583,98,25,79,14,0.281,,,,,,
32,Brian Dozier,MIN,2B,2B,24,609,105,30,84,13,0.266,,,,,,
33,Starling Marte,PIT,OF,OF,24,551,88,15,61,32,0.272,,,,,,
34,Eric Hosmer,SD,1B,1B,23,593,83,24,95,5,0.288,,,,,,
35,Madison Bumgarner,SF,SP,SP,23,,,,,,,208,14,0,2.91,1.03,223
36,Andrew Benintendi,BOS,OF,OF,23,566,90,22,81,14,0.282,,,,,,
37,Justin Upton,LAA,OF,OF,23,561,93,31,108,10,0.252,,,,,,
38,Stephen Strasburg,WSH,SP,SP,22,,,,,,,182,16,0,2.96,1.04,211
39,Noah Syndergaard,NYM,SP,SP,22,,,,,,,184,15,0,2.81,1.06,215
40,Jacob deGrom,NYM,SP,SP,22,,,,,,,195,16,0,3.06,1.15,221
41,Carlos Carrasco,CLE,SP,SP,21,,,,,,,194,15,0,3.35,1.12,217
42,Jonathan Schoop,BAL,2B,2B,21,602,91,30,102,1,0.286,,,,,,
43,Rhys Hoskins,PHI,1B/OF,1B/OF,21,544,76,33,98,3,0.271,,,,,,
44,Gary Sanchez,NYY,C,C,21,527,83,30,95,2,0.279,,,,,,
45,Luis Severino,NYY,SP,SP,20,,,,,,,190,16,0,3.1,1.06,222
46,Robbie Ray,ARI,SP,SP,20,,,,,,,191,16,0,3.26,1.16,234
47,Carlos Martinez,STL,SP,SP,20,,,,,,,202,15,0,3.24,1.19,212
48,Justin Verlander,HOU,SP,SP,20,,,,,,,212,16,0,3.41,1.15,223
49,Yu Darvish,CHC,SP,SP,19,,,,,,,196,14,0,3.51,1.15,221
50,Daniel Murphy,WSH,2B,2B,19,520,79,22,98,3,0.318,,,,,,
51,Corey Seager,LAD,SS,SS,19,588,101,28,84,4,0.298,,,,,,
52,Byron Buxton,MIN,OF,OF,19,502,76,20,84,33,0.242,,,,,,
53,Miguel Sano,MIN,3B,1B/3B,19,522,88,40,102,0,0.242,,,,,,
54,Josh Donaldson,TOR,3B,3B,19,524,78,29,87,3,0.266,,,,,,
55,Chris Taylor,LAD,2B/OF,2B/SS/ OF,19,603,104,20,62,17,0.273,,,,,,
56,Jean Segura,SEA,SS,SS,18,591,97,14,50,26,0.291,,,,,,
57,Wil Myers,SD,1B,1B,18,563,82,31,72,16,0.251,,,,,,
58,Yasiel Puig,LAD,OF,OF,18,519,80,31,94,13,0.284,,,,,,
59,Khris Davis,OAK,OF,OF,18,551,86,41,106,3,0.245,,,,,,
60,Christian Yelich,MIL,OF,OF,18,581,105,19,67,17,0.291,,,,,,
61,Lorenzo Cain,MIL,OF,OF,18,535,91,18,79,18,0.292,,,,,,
62,Nelson Cruz,SEA,DH,OF,18,509,82,33,98,1,0.282,,,,,,
63,Billy Hamilton,CIN,OF,OF,18,559,92,6,40,60,0.252,,,,,,
64,A.J. Pollock,ARI,OF,OF,17,561,92,18,78,23,0.277,,,,,,
65,Robinson Cano,SEA,2B,2B,17,598,84,20,94,1,0.274,,,,,,
66,Kenley Jansen,LAD,RP,RP,17,,,,,,,67,4,43,1.84,0.8,105
67,Rougned Odor,TEX,2B,2B,17,598,72,31,86,14,0.241,,,,,,
68,Ronald Acuna,ATL,OF,OF,17,514,74,17,77,21,0.304,,,,,,
69,Whit Merrifield,KC,2B,2B/OF,16,597,89,15,59,22,0.279,,,,,,
70,Chris Archer,TB,SP,SP,16,,,,,,,205,11,0,3.69,1.22,237
71,Zack Greinke,ARI,SP,SP,16,,,,,,,205,14,0,3.45,1.1,202
72,Craig Kimbrel,BOS,RP,RP,16,,,,,,,65,5,42,1.93,0.82,102
73,Aroldis Chapman,NYY,RP,RP,16,,,,,,,65,5,40,2.19,1.01,100
74,Aaron Nola,PHI,SP,SP,16,,,,,,,184,14,0,3.41,1.18,188
75,Jose Quintana,CHC,SP,SP,15,,,,,,,202,15,0,3.49,1.17,204
76,Yoenis Cespedes,NYM,OF,OF,15,528,82,31,93,2,0.285,,,,,,
77,Eddie Rosario,MIN,OF,OF,15,551,88,30,96,4,0.286,,,,,,
78,Travis Shaw,MIL,3B,3B,15,515,77,30,91,8,0.267,,,,,,
79,Mike Moustakas,KC,3B,3B,15,531,78,30,90,0,0.264,,,,,,
80,Joey Gallo,TEX,1B/3B,1B/3B/ OF,15,506,81,40,93,5,0.221,,,,,,
81,Trey Mancini,BAL,1B/OF,1B/OF,15,567,79,27,91,2,0.297,,,,,,
82,Shohei Ohtani,LAA,SP,SP,15,192,26,11,33,3,0.266,140,12,0,3.28,1.22,146
83,Rafael Devers,BOS,3B,3B,15,520,70,24,81,8,0.281,,,,,,
84,Tommy Pham,STL,OF,OF,15,484,83,16,63,19,0.275,,,,,,
85,Andrew McCutchen,SF,OF,OF,15,563,82,23,90,9,0.273,,,,,,
86,Gregory Polanco,PIT,OF,OF,15,509,71,16,79,15,0.254,,,,,,
87,Ryan Braun,MIL,OF,OF,14,487,70,22,74,10,0.265,,,,,,
88,Xander Bogaerts,BOS,SS,SS,14,614,88,18,94,14,0.283,,,,,,
89,Trevor Bauer,CLE,SP,SP,14,,,,,,,189,15,0,3.59,1.29,204
90,Dallas Keuchel,HOU,SP,SP,14,,,,,,,190,15,0,3.41,1.14,160
91,Shohei Ohtani,LAA,SP,SP,14,,,,,,,140,12,0,3.28,1.22,146
92,Alex Wood,LAD,SP,SP,14,,,,,,,174,11,0,3.34,1.11,168
93,Luis Castillo,CIN,SP,SP,13,,,,,,,189,12,0,3.54,1.09,194
94,Masahiro Tanaka,NYY,SP,SP,13,,,,,,,194,14,0,3.49,1.14,205
95,Sonny Gray,NYY,SP,SP,13,,,,,,,190,14,0,3.47,1.19,171
96,Lance McCullers Jr.,HOU,SP,SP,13,,,,,,,145,10,0,3.42,1.22,164
97,Justin Smoak,TOR,1B,1B,13,512,78,32,89,0,0.261,,,,,,
98,Miguel Cabrera,DET,1B,1B,13,434,71,23,75,0,0.281,,,,,,
99,Ryan Zimmerman,WSH,1B,1B,12,497,73,24,84,1,0.264,,,,,,
100,Javier Baez,CHC,2B/SS,2B/SS,12,494,80,25,79,11,0.27,,,,,,
101,Tim Anderson,CHW,SS,SS,12,593,83,21,68,25,0.26,,,,,,
102,Corey Knebel,MIL,RP,RP,12,,,,,,,68,3,40,2.34,1.09,108
103,Roberto Osuna,TOR,RP,RP,12,,,,,,,63,2,39,2.62,0.93,81
104,James Paxton,SEA,SP,SP,12,,,,,,,142,13,0,3.09,1.07,165
105,Felipe Rivero,PIT,RP,RP,12,,,,,,,65,3,38,2.71,0.95,76
106,Ken Giles,HOU,RP,RP,12,,,,,,,63,4,39,2.74,1.05,82
107,Carlos Santana,PHI,1B,1B/OF,12,552,74,24,81,4,0.257,,,,,,
108,Raisel Iglesias,CIN,RP,RP,12,,,,,,,66,3,37,2.79,1.1,79
109,Trevor Story,COL,SS,SS,12,575,78,31,89,8,0.247,,,,,,
110,Andrew Miller,CLE,RP,RP,11,,,,,,,64,6,9,1.63,0.88,99
111,Willson Contreras,CHC,C,C,11,504,73,24,82,6,0.276,,,,,,
112,Luke Weaver,STL,SP,SP,11,,,,,,,158,12,0,3.32,1.12,170
113,Rich Hill,LAD,SP,SP,11,,,,,,,132,11,0,3.14,1.13,155
114,Edwin Diaz,SEA,RP,RP,11,,,,,,,65,3,36,2.98,1.12,87
115,Jose Berrios,MIN,SP,SP,11,,,,,,,174,13,0,3.72,1.19,170
116,Brad Hand,SD,RP,RP,11,,,,,,,68,2,37,2.88,1.02,87
117,Michael Wacha,STL,SP,SP,11,,,,,,,182,14,0,3.61,1.24,176
118,Alex Colome,TB,RP,RP,11,,,,,,,65,2,37,2.77,1.12,63
119,Ian Happ,CHC,2B/OF,2B/OF,11,466,69,29,77,11,0.261,,,,,,
120,Yoan Moncada,CHW,2B,2B,11,523,73,22,58,16,0.236,,,,,,
121,Paul DeJong,STL,2B/SS,2B/SS,10,561,74,26,82,3,0.267,,,,,,
122,Josh Bell,PIT,1B,1B,10,521,71,24,87,2,0.268,,,,,,
123,Wade Davis,COL,RP,RP,10,,,,,,,61,2,40,3.09,1.12,75
124,Archie Bradley,ARI,RP,RP,10,,,,,,,70,4,28,2.56,1.06,78
125,J.T. Realmuto,MIA,C,C/1B,10,521,86,19,58,9,0.283,,,,,,
126,Salvador Perez,KC,C,C,10,510,55,26,75,0,0.264,,,,,,
127,Buster Posey,SF,C/1B,C/1B,9,509,69,12,80,3,0.309,,,,,,
128,Matt Olson,OAK,1B,1B/OF,9,487,64,34,70,1,0.231,,,,,,
129,Ian Desmond,COL,1B/OF,1B/OF,9,461,55,17,51,13,0.261,,,,,,
130,Jake Lamb,ARI,3B,3B,9,531,84,31,97,3,0.251,,,,,,
131,Cody Allen,CLE,RP,RP,9,,,,,,,68,4,31,2.91,1.11,88
132,Kevin Gausman,BAL,SP,SP,9,,,,,,,198,13,0,3.66,1.25,201
133,Charlie Morton,HOU,SP,SP,9,,,,,,,154,12,0,3.54,1.2,168
134,Nicholas Castellanos,DET,3B/OF,3B/OF,9,588,81,29,103,5,0.283,,,,,,
135,Zack Godley,ARI,SP,SP,9,,,,,,,176,12,0,3.58,1.18,172
136,Drew Pomeranz,BOS,SP,SP,9,,,,,,,183,14,0,3.64,1.28,185
137,Kyle Seager,SEA,3B,3B,8,582,75,28,92,3,0.266,,,,,,
138,Gerrit Cole,HOU,SP,SP,8,,,,,,,195,13,0,3.78,1.23,181
139,Jake Arrieta,PHI,SP,SP,8,,,,,,,182,13,0,3.71,1.25,174
140,Adrian Beltre,TEX,3B,3B,8,549,83,24,91,1,0.28,,,,,,
141,Marcus Stroman,TOR,SP,SP,8,,,,,,,206,11,0,3.62,1.28,169
142,Evan Longoria,SF,3B,3B,8,608,86,22,94,2,0.271,,,,,,
143,Kyle Hendricks,CHC,SP,SP,8,,,,,,,178,13,0,3.54,1.24,156
144,David Price,BOS,SP,SP,8,,,,,,,120,10,0,3.72,1.18,124
145,Tim Beckham,BAL,SS,2B/SS,8,592,88,20,58,5,0.261,,,,,,
146,Jose Peraza,CIN,2B/SS,2B/SS,8,554,64,7,43,30,0.286,,,,,,
147,Nomar Mazara,TEX,OF,OF,8,571,81,27,93,3,0.278,,,,,,
148,Ozzie Albies,ATL,2B,2B,8,524,77,14,52,22,0.291,,,,,,
149,Greg Bird,NYY,1B,1B,8,466,70,25,77,1,0.244,,,,,,
150,Ender Inciarte,ATL,OF,OF,8,634,96,14,52,20,0.3,,,,,,
151,Domingo Santana,MIL,OF,OF,8,531,77,28,93,12,0.261,,,,,,
152,Danny Salazar,CLE,SP,SP,8,,,,,,,134,10,0,3.91,1.32,164
153,Manuel Margot,SD,OF,OF,8,561,86,17,42,27,0.266,,,,,,
154,Taijuan Walker,ARI,SP,SP,8,,,,,,,171,10,0,3.94,1.35,155
155,Michael A. Taylor,WSH,OF,OF,7,503,62,20,70,22,0.253,,,,,,
156,Jon Lester,CHC,SP,SP,7,,,,,,,183,12,0,3.94,1.28,177
157,Kyle Schwarber,CHC,OF,OF,7,408,66,28,70,3,0.246,,,,,,
158,Johnny Cueto,SF,SP,SP,7,,,,,,,188,10,0,3.81,1.24,165
159,Adam Eaton,WSH,OF,OF,7,478,83,10,49,12,0.287,,,,,,
160,Michael Conforto,NYM,OF,OF,7,454,68,26,74,3,0.283,,,,,,
161,Mitch Haniger,SEA,OF,OF,7,543,71,25,80,7,0.259,,,,,,
162,Orlando Arcia,MIL,SS,SS,7,561,71,16,77,15,0.271,,,,,,
163,DJ LeMahieu,COL,2B,2B,7,602,103,10,62,10,0.312,,,,,,
164,Amed Rosario,NYM,SS,SS,7,553,61,12,67,20,0.262,,,,,,
165,Zack Cozart,LAA,SS,SS,7,450,65,17,71,4,0.271,,,,,,
166,Elvis Andrus,TEX,SS,SS,7,581,82,10,61,21,0.291,,,,,,
167,Eugenio Suarez,CIN,3B,3B,7,552,83,21,90,5,0.262,,,,,,
168,Justin Turner,LAD,3B,3B,7,408,67,18,72,3,0.288,,,,,,
169,Maikel Franco,PHI,3B,3B,7,560,71,27,82,0,0.251,,,,,,
170,Eduardo Nunez,BOS,2B/3B,2B/SS/ 3B/OF,7,412,64,10,57,17,0.301,,,,,,
171,Matt Carpenter,STL,1B,1B/2B/ 3B,7,464,84,22,59,2,0.252,,,,,,
172,Kendrys Morales,TOR,DH,1B,6,541,68,25,80,0,0.253,,,,,,
173,Bradley Zimmer,CLE,OF,OF,6,506,64,16,69,24,0.247,,,,,,
174,Avisail Garcia,CHW,OF,OF,6,509,75,20,85,6,0.274,,,,,,
175,Jay Bruce,NYM,OF,1B/OF,6,530,77,30,89,1,0.244,,,,,,
176,Marwin Gonzalez,HOU,1B/2B/ SS/OF,1B/2B/ SS/3B/ O,6,438,63,20,76,5,0.273,,,,,,
177,Ian Kinsler,LAA,2B,2B,6,544,102,17,48,10,0.251,,,,,,
178,Scooter Gennett,CIN,2B,2B/3B/ OF,6,479,71,22,79,4,0.255,,,,,,
179,Ryon Healy,SEA,1B/3B,1B/3B,6,471,61,24,72,1,0.261,,,,,,
180,Yuli Gurriel,HOU,1B,1B,6,441,62,17,71,3,0.284,,,,,,
181,Justin Bour,MIA,1B,1B,6,466,57,25,70,1,0.26,,,,,,
182,Jon Gray,COL,SP,SP,6,,,,,,,174,12,0,3.88,1.27,181
183,Arodys Vizcaino,ATL,RP,RP,6,,,,,,,62,4,30,3.06,1.09,72
184,Blake Snell,TB,SP,SP,6,,,,,,,183,13,0,3.68,1.3,185
185,Chase Anderson,MIL,SP,SP,6,,,,,,,171,13,0,3.71,1.14,152
186,Jameson Taillon,PIT,SP,SP,6,,,,,,,152,10,0,3.51,1.29,141
187,Patrick Corbin,ARI,SP,SP,6,,,,,,,204,15,0,3.58,1.29,186
188,Dylan Bundy,BAL,SP,SP,5,,,,,,,197,10,0,3.77,1.24,181
189,Lance Lynn,MIN,SP,SP,5,,,,,,,196,10,0,4.01,1.29,167
190,Gio Gonzalez,WSH,SP,SP,5,,,,,,,184,11,0,4.08,1.3,171
191,Michael Fulmer,DET,SP,SP,5,,,,,,,181,9,0,3.73,1.14,139
192,Hector Neris,PHI,RP,RP,5,,,,,,,69,3,31,3.15,1.21,77
193,Adam Jones,BAL,OF,OF,5,591,84,27,88,2,0.266,,,,,,
194,Yadier Molina,STL,C,C,5,472,54,16,67,6,0.266,,,,,,
195,Didi Gregorius,NYY,SS,SS,5,552,65,19,78,3,0.279,,,,,,
196,Sean Doolittle,WSH,RP,RP,5,,,,,,,57,3,27,3.09,1.02,70
197,Jonathan Villar,MIL,2B,2B/OF,5,412,58,13,38,27,0.244,,,,,,
198,Jeurys Familia,NYM,RP,RP,5,,,,,,,62,2,30,3.12,1.2,63
199,Brandon Morrow,CHC,RP,RP,5,,,,,,,48,3,26,2.88,1.05,54
200,Mark Melancon,SF,RP,RP,5,,,,,,,59,3,29,3.13,1.21,57
201,Kelvin Herrera,KC,RP,RP,5,,,,,,,65,3,31,3.44,1.24,66
202,Kenta Maeda,LAD,SP,SP,5,,,,,,,142,12,0,3.91,1.13,144
203,Andrelton Simmons,LAA,SS,SS,4,561,62,15,69,14,0.282,,,,,,
204,Addison Russell,CHC,SS,SS,4,451,57,18,66,4,0.244,,,,,,
205,Danny Duffy,KC,SP,SP,4,,,,,,,172,10,0,3.76,1.25,149
206,Eric Thames,MIL,1B/OF,1B/OF,4,439,68,28,61,5,0.243,,,,,,
207,Albert Pujols,LAA,DH,1B,4,528,61,24,88,2,0.248,,,,,,
208,Jacob Faria,TB,SP,SP,4,,,,,,,149,9,0,3.71,1.2,152
209,C.J. Cron,TB,1B,1B,4,533,64,25,71,3,0.241,,,,,,
210,Hanley Ramirez,BOS,DH,1B,4,441,62,20,71,2,0.265,,,,,,
211,Chris Davis,BAL,1B,1B,4,462,61,27,72,1,0.22,,,,,,
212,Jordan Montgomery,NYY,SP,SP,4,,,,,,,168,12,0,3.86,1.28,154
213,Brett Gardner,NYY,OF,OF,4,551,98,16,67,17,0.262,,,,,,
214,Trevor Williams,PIT,SP,SP,4,,,,,,,178,11,0,3.87,1.27,158
215,Jason Kipnis,CLE,2B,2B/OF,3,442,71,14,51,10,0.245,,,,,,
216,David Robertson,NYY,RP,RP,3,,,,,,,66,7,9,2.59,1.01,95
217,Yonder Alonso,CLE,1B,1B,3,428,60,20,66,2,0.263,,,,,,
218,Shin-Soo Choo,TEX,OF,OF,3,533,91,21,72,9,0.263,,,,,,
219,Dexter Fowler,STL,OF,OF,3,480,73,17,78,11,0.266,,,,,,
220,Corey Dickerson,PIT,OF,OF,3,497,72,24,65,2,0.272,,,,,,
221,Jackie Bradley Jr.,BOS,OF,OF,3,531,72,20,84,8,0.256,,,,,,
222,Brad Brach,BAL,RP,RP,3,,,,,,,62,4,19,3.67,1.16,64
223,Mike Clevinger,CLE,SP,SP,3,,,,,,,152,10,0,4.08,1.31,159
224,Delino DeShields,TEX,OF,OF,3,462,71,8,42,33,0.252,,,,,,
225,David Peralta,ARI,OF,OF,3,509,74,16,67,7,0.273,,,,,,
226,Aaron Hicks,NYY,OF,OF,3,427,57,14,63,13,0.255,,,,,,
227,Hyun-Jin Ryu,LAD,SP,SP,3,,,,,,,138,9,0,3.59,1.28,121
228,Lewis Brinson,MIA,OF,OF,3,509,67,18,64,17,0.258,,,,,,
229,Welington Castillo,CHW,C,C,3,407,56,21,62,0,0.241,,,,,,
230,Vince Velasquez,PHI,SP,SP,3,,,,,,,136,8,0,4.14,1.32,143
231,Alex Reyes,STL,SP,SP,2,,,,,,,91,6,0,3.12,1.3,102
232,Sean Manaea,OAK,SP,SP,2,,,,,,,177,11,0,4.11,1.35,152
233,Dinelson Lamet,SD,SP,SP,2,,,,,,,146,9,0,4.15,1.31,161
234,Wilson Ramos,TB,C,C,2,445,52,21,68,0,0.254,,,,,,
235,Dellin Betances,NYY,RP,RP,2,,,,,,,62,5,4,2.81,1.19,91
236,Lucas Giolito,CHW,SP,SP,2,,,,,,,176,7,0,4.23,1.37,159
237,Cam Bedrosian,LAA,RP,RP,2,,,,,,,60,4,21,3.45,1.26,63
238,Mike Zunino,SEA,C,C,2,446,51,27,69,1,0.217,,,,,,
239,Brad Boxberger,ARI,RP,RP,2,,,,,,,55,4,15,3.68,1.3,66
240,Yangervis Solarte,TOR,2B/SS/ 3B,2B/SS/ 3B,2,479,61,17,68,3,0.257,,,,,,
241,Eduardo Escobar,MIN,3B,2B/SS/ 3B,2,440,57,19,71,4,0.267,,,,,,
242,Shohei Ohtani,LAA,DH,DH,2,192,26,11,33,3,0.266,,,,,,
243,Cesar Hernandez,PHI,2B,2B,2,542,82,6,41,17,0.288,,,,,,
244,Josh Harrison,PIT,2B/3B,2B/3B/ OF,2,524,71,11,46,13,0.275,,,,,,
245,Zach Britton,BAL,RP,RP,2,,,,,,,35,2,16,3.12,1.27,37
246,Starlin Castro,MIA,2B,2B,2,538,72,15,58,4,0.279,,,,,,
247,Steven Souza Jr.,ARI,OF,OF,2,439,76,20,61,6,0.243,,,,,,
248,Ketel Marte,ARI,SS,SS,2,441,61,11,53,14,0.275,,,,,,
249,Odubel Herrera,PHI,OF,OF,2,534,81,15,69,13,0.283,,,,,,
250,Ryan Madson,WSH,RP,RP,2,,,,,,,60,6,9,2.78,1.04,67
251,Matt Chapman,OAK,3B,3B,2,481,61,26,72,2,0.232,,,,,,
252,Luke Gregerson,STL,RP,RP,2,,,,,,,62,4,20,4.28,1.31,69
253,Dominic Leone,STL,RP,RP,1,,,,,,,65,4,8,3.21,1.14,69
254,Marcus Semien,OAK,SS,SS,1,508,64,23,72,10,0.241,,,,,,
255,Adam Duvall,CIN,OF,OF,1,461,62,24,71,3,0.252,,,,,,
256,Mark Trumbo,BAL,OF,OF,1,474,62,26,74,1,0.243,,,,,,
257,Nick Williams,PHI,OF,OF,1,410,58,16,65,6,0.251,,,,,,
258,Joc Pederson,LAD,OF,OF,1,412,58,24,67,5,0.248,,,,,,
259,Blake Parker,LAA,RP,RP,1,,,,,,,70,5,14,2.96,1.08,87
260,Todd Frazier,NYM,3B,3B,1,453,63,24,73,5,0.22,,,,,,
261,Garrett Richards,LAA,SP,SP,1,,,,,,,95,5,0,3.61,1.22,87
262,Alex Claudio,TEX,RP,RP,1,,,,,,,67,4,21,4.44,1.31,50
263,Brad Ziegler,MIA,RP,RP,1,,,,,,,60,2,20,4.68,1.46,40
264,Blake Treinen,OAK,RP,RP,1,,,,,,,66,4,21,4.09,1.37,62
265,Cole Hamels,TEX,SP,SP,1,,,,,,,189,12,0,4.27,1.32,144
266,Shane Greene,DET,RP,RP,1,,,,,,,64,3,27,4.12,1.3,66
267,Brad Miller,TB,2B,2B,1,466,50,15,62,9,0.221,,,,,,
268,Kolten Wong,STL,2B,2B,1,398,46,11,54,10,0.281,,,,,,
269,Julio Teheran,ATL,SP,SP,1,,,,,,,192,9,0,4.13,1.33,161
270,Jeff Samardzija,SF,SP,SP,1,,,,,,,161,9,0,4.34,1.18,152
271,Jed Lowrie,OAK,2B,2B,1,517,72,15,71,0,0.26,,,,,,
272,Aaron Sanchez,TOR,SP,SP,1,,,,,,,154,8,0,3.9,1.29,130
273,Fernando Rodney,MIN,RP,RP,1,,,,,,,57,2,24,4.41,1.34,62
274,Juan Minaya,CHW,RP,RP,0,,,,,,,62,2,19,4.27,1.38,64
275,Logan Morrison,MIN,1B,1B,0,461,61,23,67,2,0.239,,,,,,
276,J.A. Happ,TOR,SP,SP,0,,,,,,,187,12,0,3.66,1.3,161
277,Mark Reynolds,COL,1B,1B,0,471,58,19,63,2,0.231,,,,,,
278,Darren O’Day,BAL,RP,RP,0,,,,,,,62,4,8,3.72,1.21,67
279,Jake Odorizzi,MIN,SP,SP,0,,,,,,,152,9,0,3.98,1.22,139
280,Austin Hays,BAL,OF,OF,0,334,54,17,67,6,0.27,,,,,,
281,Tyler Lyons,STL,RP,RP,0,,,,,,,59,4,9,3.19,1.17,64
282,Jesse Winker,CIN,OF,OF,0,402,62,16,54,4,0.284,,,,,,
283,Tanner Roark,WSH,SP,SP,0,,,,,,,177,14,0,4.09,1.31,155
284,Jorge Alfaro,PHI,C,C,0,507,43,18,61,3,0.232,,,,,,
285,Kyle Barraclough,MIA,RP,RP,0,,,,,,,65,3,9,3.91,1.35,77
286,Austin Hedges,SD,C,C,0,408,41,21,58,3,0.215,,,,,,
287,Rick Porcello,BOS,SP,SP,0,,,,,,,195,13,0,4.12,1.27,175
288,Miles Mikolas,STL,SP,SP,0,,,,,,,144,11,0,3.64,1.23,115
289,James McCann,DET,C,C,0,481,56,16,61,3,0.26,,,,,,
290,Addison Reed,MIN,RP,RP,0,,,,,,,71,4,11,3.79,1.17,69
291,Travis D’Arnaud,NYM,C,C,-6,383,42,17,60,0,0.261,,,,,,
292,Neil Walker,NYY,2B,1B/2B,0,487,58,18,63,2,0.261,,,,,,
293,Jonathan Lucroy,OAK,C,C,0,435,54,12,53,3,0.273,,,,,,
294,Joakim Soria,CHW,RP,RP,0,,,,,,,51,4,8,3.44,1.27,54
295,A.J. Ramos,NYM,RP,RP,0,,,,,,,60,3,6,4.04,1.39,64
296,Max Kepler,MIN,OF,OF,0,441,61,18,67,7,0.272,,,,,,
297,Kevin Kiermaier,TB,OF,OF,0,403,71,17,54,16,0.261,,,,,,
298,Yasmani Grandal,LAD,C,C,0,413,49,20,64,0,0.249,,,,,,
299,Evan Gattis,HOU,C,C,0,412,45,18,58,0,0.249,,,,,,
300,Randal Grichuk,TOR,OF,OF,0,424,51,25,62,4,0.235,,,,,,
301,Brian McCann,HOU,C,C,-1,391,41,16,54,9,0.244,,,,,,
302,Victor Robles,WSH,OF,OF,-1,405,48,6,53,18,0.275,,,,,,
303,Hunter Renfroe,SD,OF,OF,-1,429,55,24,68,3,0.241,,,,,,
304,Dan Straily,MIA,SP,SP,-1,,,,,,,193,10,0,4.06,1.28,177
305,Jimmy Nelson,MIL,SP,SP,-1,,,,,,,82,5,0,3.55,1.29,86
306,Brandon Crawford,SF,SS,SS,-1,494,60,12,69,6,0.248,,,,,,
307,Mike Minor,TEX,SP,SP,-1,,,,,,,164,10,0,3.77,1.24,145
308,Eduardo Rodriguez,BOS,SP,SP,-1,,,,,,,98,7,0,3.84,1.26,105
309,Luiz Gohara,ATL,SP,SP,-1,,,,,,,111,6,0,4.03,1.33,116
310,Cameron Maybin,MIA,OF,OF,-1,358,68,6,41,22,0.234,,,,,,
311,Russell Martin,TOR,C,C/3B,-1,420,50,18,59,2,0.224,,,,,,
312,Carlos Gonzalez,COL,OF,OF,-1,424,61,17,64,4,0.265,,,,,,
313,Jose Reyes,NYM,2B/SS/ 3B,2B/SS/ 3B,-1,389,51,9,41,18,0.252,,,,,,
314,Chad Green,NYY,RP,RP,-1,,,,,,,70,7,2,2.51,0.97,98
315,Asdrubal Cabrera,NYM,2B/SS/ 3B,2B/SS/ 3B,-1,488,61,15,53,3,0.265,,,,,,
316,Steve Cishek,CHC,RP,RP,-6,,,,,,,62,3,4,3.42,1.06,60
317,J.P. Crawford,PHI,3B,SS/3B,-1,401,47,11,42,7,0.234,,,,,,
318,Alex Wilson,DET,RP,RP,-1,,,,,,,62,3,7,4.29,1.35,45
319,Aaron Altherr,PHI,OF,OF,-1,367,53,16,58,6,0.281,,,,,,
320,Willie Calhoun,TEX,OF,OF,-1,334,49,16,51,1,0.267,,,,,,
321,Mike Montgomery,CHC,SP,SP,-1,,,,,,,138,9,0,3.54,1.23,112
322,Kyle Gibson,MIN,SP,SP,-1,,,,,,,182,11,0,4.02,1.38,134
323,Scott Schebler,CIN,OF,OF,-2,404,52,22,64,4,0.241,,,,,,
324,Stephen Piscotty,OAK,OF,OF,-2,541,61,20,75,4,0.268,,,,,,
325,Chris Devenski,HOU,RP,RP,-2,,,,,,,77,6,3,3.01,1.02,96
326,Erasmo Ramirez,SEA,SP,SP,-2,,,,,,,135,7,0,3.78,1.23,114
327,Pat Neshek,PHI,RP,RP,-2,,,,,,,60,5,6,3.37,1.01,64
328,Mike Foltynewicz,ATL,SP,SP,-2,,,,,,,162,9,0,4.17,1.39,155
329,Denard Span,TB,OF,OF,-2,523,76,9,40,13,0.274,,,,,,
330,Chris Iannetta,COL,C,C,-2,329,41,18,54,0,0.242,,,,,,
331,Kole Calhoun,LAA,OF,OF,-2,561,65,20,73,4,0.247,,,,,,
332,Joe Mauer,MIN,1B,1B,1,532,75,8,51,2,0.273,,,,,,
333,Sean Newcomb,ATL,SP,SP,-2,,,,,,,157,7,0,4.22,1.43,166
334,Victor Martinez,DET,DH,DH,-2,,,,,,,,,,,,
335,Brandon Belt,SF,1B,1B/OF,1,449,65,17,62,3,0.253,,,,,,
336,Melky Cabrera,FA,OF,OF,-2,581,72,15,74,1,0.274,,,,,,
337,Tyler Flowers,ATL,C,C,-2,374,51,14,54,0,0.263,,,,,,
338,Michael Brantley,CLE,OF,OF,-2,442,64,14,68,7,0.287,,,,,,
339,Nate Jones,CHW,RP,RP,-2,,,,,,,60,2,3,3.21,1.26,70
340,Ben Gamel,SEA,OF,OF,-2,464,51,14,52,12,0.273,,,,,,
341,Robinson Chirinos,TEX,C,C,-2,351,41,15,50,1,0.24,,,,,,
342,Carlos Gomez,TB,OF,OF,-2,404,54,15,59,10,0.248,,,,,,
343,Nick Delmonico,CHW,OF,OF,-2,421,54,19,61,3,0.268,,,,,,
344,Josh Reddick,HOU,OF,OF,-2,420,69,16,73,6,0.283,,,,,,
345,Mikie Mahtook,DET,OF,OF,-2,561,74,13,44,10,0.251,,,,,,
346,Ben Zobrist,CHC,2B/OF,2B/OF,-2,418,54,14,47,3,0.241,,,,,,
347,Adam Frazier,PIT,2B/OF,2B/OF,-3,402,54,9,47,13,0.284,,,,,,
348,Jose Pirela,SD,OF,OF,-3,465,51,13,60,9,0.255,,,,,,
349,Alex Avila,ARI,C,C/1B,-3,364,43,15,51,0,0.236,,,,,,
350,Brandon Drury,NYY,2B,2B,-3,443,46,14,57,2,0.268,,,,,,
351,Matt Wieters,WSH,C,C,-3,418,44,14,55,1,0.231,,,,,,
352,Josh Hader,MIL,RP,RP,-3,,,,,,,105,7,0,3.61,1.3,129
353,Kevin Pillar,TOR,OF,OF,-3,552,75,14,51,14,0.264,,,,,,
354,Nick Pivetta,PHI,SP,SP,-3,,,,,,,149,10,0,4.18,1.34,154
355,Leonys Martin,DET,OF,OF,-3,417,61,12,54,19,0.247,,,,,,
356,Brandon Maurer,KC,RP,RP,-3,,,,,,,52,3,6,4.43,1.39,53
357,Michael Lorenzen,CIN,RP,RP,-3,,,,,,,77,5,3,3.91,1.32,75
358,Zack Wheeler,NYM,SP,SP,-3,,,,,,,104,6,0,3.89,1.35,99
359,Curtis Granderson,TOR,OF,OF,-3,420,54,20,63,4,0.222,,,,,,
360,Jose Bautista,FA,OF,OF,-3,509,72,25,84,5,0.221,,,,,,
361,Ervin Santana,MIN,SP,SP,-3,,,,,,,138,9,0,3.87,1.22,111
362,Christian Vazquez,BOS,C,C,-3,434,51,8,49,8,0.274,,,,,,
363,Chris Hatcher,OAK,RP,RP,-3,,,,,,,62,3,5,4.16,1.34,65
364,Matt Joyce,OAK,OF,OF,-3,441,61,18,70,3,0.245,,,,,,
365,Anthony DeSclafani,CIN,SP,SP,-3,,,,,,,96,5,0,3.65,1.27,80
366,Jason Heyward,CHC,OF,OF,-4,417,51,14,55,5,0.251,,,,,,
367,Raimel Tapia,COL,OF,OF,-3,254,44,4,28,10,0.267,,,,,,
368,David Dahl,COL,OF,OF,-3,203,25,8,32,2,0.261,,,,,,
369,Gerardo Parra,COL,OF,OF,-3,314,51,10,54,4,0.283,,,,,,
370,Lonnie Chisenhall,CLE,OF,OF,-3,377,57,14,64,3,0.276,,,,,,
371,Harrison Bader,STL,OF,OF,-3,275,29,10,35,5,0.251,,,,,,
372,Alex Verdugo,LAD,OF,OF,-3,322,43,3,31,7,0.278,,,,,,
373,Tyler O’Neill,STL,OF,OF,-3,207,21,10,32,3,0.238,,,,,,
374,Brandon Finnegan,CIN,SP,SP,-3,,,,,,,104,5,0,3.72,1.31,91
375,Jose Martinez,STL,1B/OF,1B/OF,-3,402,51,15,54,3,0.269,,,,,,
376,Ryan McMahon,COL,3B,3B,-3,309,41,11,43,3,0.267,,,,,,
377,Jake Bauers,TB,1B,1B,-4,411,54,14,61,14,0.239,,,,,,
378,Mitch Moreland,BOS,1B,1B,-4,367,42,16,51,0,0.247,,,,,,
379,Nate Karns,KC,SP,SP,-4,,,,,,,104,8,0,4.12,1.31,109
380,Jedd Gyorko,STL,3B,1B/2B/ 3B,-4,384,46,18,57,4,0.259,,,,,,
381,Daniel Norris,DET,SP,SP,-4,,,,,,,154,8,0,4.19,1.42,137
382,Matt Barnes,BOS,RP,RP,-4,,,,,,,65,6,2,3.73,1.25,70
383,Lucas Duda,KC,1B,1B,-4,389,43,24,48,0,0.225,,,,,,
384,Matt Adams,WSH,1B,1B/OF,-4,341,41,16,48,0,0.266,,,,,,
385,Wilmer Flores,NYM,1B/3B,1B/2B/ 3B,-4,324,41,15,49,2,0.271,,,,,,
386,CC Sabathia,NYY,SP,SP,-4,,,,,,,158,10,0,4.24,1.31,130
387,Keone Kela,TEX,RP,RP,-4,,,,,,,60,4,3,3.34,1.05,78
388,Dominic Smith,NYM,1B,1B,-4,367,41,14,42,1,0.241,,,,,,
389,Alex Cobb,BAL,SP,SP,-4,,,,,,,154,9,0,4.07,1.29,118
390,Josh Fields,LAD,RP,RP,-4,,,,,,,55,6,3,3.26,1.07,57
391,Felix Hernandez,SEA,SP,SP,-4,,,,,,,151,10,0,4.21,1.32,131
392,Brandon McCarthy,ATL,SP,SP,-4,,,,,,,133,5,0,4.39,1.26,109
393,Derek Dietrich,MIA,3B,2B/3B,-4,471,61,16,52,2,0.246,,,,,,
394,Carl Edwards Jr.,CHC,RP,RP,-4,,,,,,,63,5,1,3.51,1.25,90
395,Gleyber Torres,NYY,SS,SS,-4,364,45,7,41,12,0.277,,,,,,
396,Joe Musgrove,PIT,SP,SP,-4,,,,,,,124,6,0,4.08,1.29,109
397,Willy Adames,TB,SS,SS,-4,312,47,7,41,9,0.259,,,,,,
398,Clayton Richard,SD,SP,SP,-4,,,,,,,187,10,0,4.03,1.37,141
399,Scott Kingery,PHI,2B,2B,-4,378,44,8,39,12,0.282,,,,,,
400,Jhoulys Chacin,MIL,SP,SP,-4,,,,,,,172,9,0,4.51,1.41,143
401,Franklin Barreto,OAK,2B/SS,2B/SS,-4,364,41,10,29,9,0.248,,,,,,
402,Mike Fiers,DET,SP,RP,-4,,,,,,,168,7,0,4.64,1.4,153
403,Matt Moore,TEX,SP,SP,-4,,,,,,,162,8,0,4.67,1.41,139
404,Matt Shoemaker,LAA,SP,SP,-5,,,,,,,101,8,0,4.41,1.29,91
405,Chad Pinder,OAK,SS/OF,2B/SS/ OF,-5,308,37,14,33,3,0.221,,,,,,
406,Nick Senzel,CIN,3B,3B,-5,378,58,14,63,10,0.271,,,,,,
407,Jose Urena,MIA,SP,SP,-5,,,,,,,191,9,0,3.98,1.3,126
408,Dansby Swanson,ATL,SS,SS,-5,512,61,11,56,6,0.242,,,,,,
409,Carlos Rodon,CHW,SP,SP,-5,,,,,,,105,4,0,4.48,1.38,102
410,Steven Matz,NYM,SP,SP,-5,,,,,,,103,5,0,4.49,1.38,81
411,Albert Almora Jr.,CHC,OF,OF,-5,395,64,12,39,3,0.281,,,,,,
412,Reynaldo Lopez,CHW,SP,SP,-5,,,,,,,131,6,0,4.54,1.41,109
413,Troy Tulowitzki,TOR,SS,SS,-5,404,51,15,67,0,0.242,,,,,,
414,Jose Iglesias,DET,SS,SS,-5,488,55,6,60,8,0.258,,,,,,
415,Derek Fisher,HOU,OF,OF,-5,278,41,4,30,14,0.236,,,,,,
416,Ryan Tepera,TOR,RP,RP,-5,,,,,,,68,4,3,4.04,1.29,70
417,Jurickson Profar,TEX,OF,OF,-5,276,39,6,30,4,0.242,,,,,,
418,Matt Harvey,NYM,SP,SP,-5,,,,,,,112,6,0,4.42,1.44,91
419,Cory Spangenberg,SD,3B/OF,3B/OF,-5,421,52,15,49,10,0.232,,,,,,
420,Brian Anderson,MIA,3B,3B,-5,513,54,15,67,1,0.255,,,,,,
421,Jerad Eickhoff,PHI,SP,SP,-5,,,,,,,132,5,0,3.87,1.27,116
422,Brad Peacock,HOU,SP,SP,-5,,,,,,,91,7,0,3.03,1.18,108
423,Collin McHugh,HOU,SP,SP,-5,,,,,,,109,9,0,3.53,1.26,104
424,Martin Maldonado,LAA,C,C,-5,409,39,15,44,0,0.212,,,,,,
425,Sam Dyson,SF,RP,RP,-5,,,,,,,61,4,5,4.61,1.41,40
426,Chris Owings,ARI,2B/SS/ OF,2B/SS/ OF,-5,227,38,7,28,7,0.261,,,,,,
427,Joe Panik,SF,2B,2B,-5,477,51,8,43,3,0.261,,,,,,
428,Chance Sisco,BAL,C,C,-5,363,41,12,44,2,0.251,,,,,,
429,Dustin Pedroia,BOS,2B,2B,-5,433,68,9,42,5,0.268,,,,,,
430,Tom Koehler,LAD,SP,SP,-5,,,,,,,84,7,0,3.65,1.29,77
431,Adeiny Hechavarria,TB,SS,SS,-5,507,50,9,53,4,0.247,,,,,,
432,Francisco Mejia,CLE,C,C,-6,343,35,14,39,3,0.271,,,,,,
433,Brett Cecil,STL,RP,RP,-6,,,,,,,59,3,5,4.09,1.28,61
434,Mallex Smith,TB,OF,OF,-6,291,44,3,18,20,0.264,,,,,,
435,Austin Barnes,LAD,C/2B,C/2B,-6,274,38,7,32,4,0.282,,,,,,
436,Jorge Soler,KC,OF,OF,-6,504,53,22,61,2,0.235,,,,,,
437,Michael Kopech,CHW,SP,SP,-6,,,,,,,83,5,0,3.56,1.31,89
438,Walker Buehler,LAD,SP,SP,-6,,,,,,,63,4,0,3.33,1.18,75
439,J.C. Ramirez,LAA,SP,SP,-6,,,,,,,138,9,0,3.88,1.29,104
440,Yan Gomes,CLE,C,C,-6,289,36,11,40,0,0.242,,,,,,
441,Jeimer Candelario,DET,3B,3B,-6,504,56,13,65,1,0.259,,,,,,
442,Matt Davidson,CHW,3B,1B/3B,-6,411,48,26,71,0,0.215,,,,,,
443,Tyler Skaggs,LAA,SP,SP,-6,,,,,,,115,8,0,3.77,1.34,101
444,Colin Moran,PIT,3B,3B,-6,411,51,13,48,1,0.251,,,,,,
445,Teoscar Hernandez,TOR,OF,OF,-6,249,33,9,30,4,0.234,,,,,,
446,Yasmany Tomas,ARI,OF,OF,-6,243,28,12,33,1,0.276,,,,,,
447,Jarrod Dyson,ARI,OF,OF,-6,254,25,1,21,19,0.251,,,,,,
448,Keon Broxton,MIL,OF,OF,-6,297,30,10,33,10,0.228,,,,,,
449,Tyler Glasnow,PIT,SP,SP,-6,,,,,,,79,4,0,3.6,1.34,87
450,Austin Jackson,SF,OF,OF,-6,389,48,11,53,8,0.261,,,,,,
451,Jack Flaherty,STL,SP,SP,-6,,,,,,,82,5,0,3.47,1.27,74
452,Tyson Ross,SD,SP,SP,-6,,,,,,,,,,,,
453,Erick Fedde,WSH,SP,SP,-6,,,,,,,101,4,0,4.14,1.26,84
454,Jordy Mercer,PIT,SS,SS,-6,512,50,12,56,1,0.251,,,,,,
455,Mychal Givens,BAL,RP,RP,-6,,,,,,,70,5,4,3.87,1.22,77
456,Freddy Galvis,SD,SS,SS,-6,385,48,10,51,9,0.25,,,,,,
457,Luis Valbuena,LAA,1B/3B,1B/3B,-6,318,41,16,47,0,0.228,,,,,,
458,Marco Gonzales,SEA,SP,SP,-6,,,,,,,94,5,0,4.26,1.32,76
459,Jesse Hahn,KC,SP,SP,-6,,,,,,,134,7,0,4.25,1.41,108
460,Jordan Luplow,PIT,3B,3B,-6,239,34,10,39,7,0.245,,,,,,
461,Carson Kelly,STL,C,C,-6,201,22,7,26,0,0.27,,,,,,
462,Alcides Escobar,KC,SS,SS,-6,434,54,3,59,6,0.241,,,,,,
463,Jorge Polanco,MIN,SS,SS,-6,264,35,7,41,6,0.258,,,,,,
464,Hunter Pence,SF,OF,OF,-6,521,67,16,72,4,0.262,,,,,,
465,Matt Kemp,LAD,OF,OF,-6,227,32,12,41,2,0.258,,,,,,
466,Kendall Graveman,OAK,SP,SP,-6,,,,,,,177,9,0,4.05,1.36,110
467,Stephen Vogt,MIL,C,C,-6,272,33,10,37,1,0.263,,,,,,
468,Jake Junis,KC,SP,SP,-6,,,,,,,158,8,0,4.21,1.26,129
469,Kirby Yates,SD,RP,RP,-6,,,,,,,62,3,1,3.31,1.14,79
470,Anthony Swarzak,NYM,RP,RP,-6,,,,,,,66,3,2,3.61,1.17,71
471,Mike Napoli,FA,1B,1B,-6,364,40,15,44,1,0.211,,,,,,
472,Boog Powell,OAK,OF,OF,-6,437,58,9,49,10,0.257,,,,,,
473,Manny Pina,MIL,C,C,-6,241,30,9,34,3,0.268,,,,,,
474,Juan Nicasio,SEA,RP,RP,-6,,,,,,,68,4,2,3.54,1.23,69
475,Adrian Gonzalez,NYM,1B,1B,-6,272,32,10,40,0,0.254,,,,,,
476,Dillon Peters,MIA,SP,SP,-7,,,,,,,137,7,0,4.23,1.27,109
477,Jason Hammel,KC,SP,SP,-7,,,,,,,172,10,0,4.39,1.38,142
478,Matt Bush,TEX,SP,SP,-7,,,,,,,66,5,5,3.95,1.38,74
479,Chase Headley,SD,1B/3B,1B/3B,-7,490,60,10,52,6,0.254,,,,,,
480,Martin Prado,MIA,3B,3B,-7,502,54,8,56,0,0.262,,,,,,
481,Marco Estrada,TOR,SP,SP,-7,,,,,,,181,12,0,4.68,1.39,173
482,Matt Duffy,TB,3B,3B,-7,467,54,7,61,9,0.251,,,,,,
483,Miguel Andujar,NYY,3B,3B,-7,356,46,10,52,3,0.273,,,,,,
484,Jake McGee,COL,RP,RP,-7,,,,,,,61,3,4,4.08,1.28,63
485,Tyler Chatwood,CHC,SP,SP,-7,,,,,,,162,10,0,4.24,1.29,143
486,Cameron Rupp,PHI,C,C,-7,208,25,11,30,1,0.235,,,,,,
487,German Marquez,COL,SP,SP,-7,,,,,,,171,11,0,4.31,1.33,158
488,Ivan Nova,PIT,SP,SP,-7,,,,,,,174,10,0,4.21,1.27,127
489,Devin Mesoraco,CIN,C,C,-7,220,29,11,36,1,0.226,,,,,,
490,Matthew Boyd,DET,SP,SP,-7,,,,,,,169,8,0,4.54,1.48,133
491,Robert Stephenson,CIN,SP,SP,-7,,,,,,,142,9,0,4.54,1.44,143
492,Kurt Suzuki,ATL,C,C,-7,221,25,7,28,0,0.277,,,,,,
493,Jordan Zimmermann,DET,SP,SP,-7,,,,,,,157,9,0,4.7,1.42,103
494,Sandy Leon,BOS,C,C,-7,247,32,8,36,0,0.243,,,,,,
495,Matt Andriese,TB,SP,SP,-7,,,,,,,98,6,0,3.77,1.28,89
496,Brandon Nimmo,NYM,OF,OF,-7,471,54,10,62,6,0.238,,,,,,
497,Adam Engel,CHW,OF,OF,-7,412,54,7,48,17,0.206,,,,,,
498,Caleb Joseph,BAL,C,C,-7,221,28,8,34,0,0.25,,,,,,
499,A.J. Reed,HOU,1B,1B,-7,107,25,6,32,0,0.231,,,,,,
500,Devon Travis,TOR,2B,2B,-7,253,36,9,34,6,0.266,,,,,,
501,Steve Pearce,TOR,OF,OF,-7,364,42,12,50,1,0.248,,,,,,
502,Tucker Barnhart,CIN,C,C,-7,353,25,5,38,3,0.267,,,,,,
503,Francisco Cervelli,PIT,C,C,-7,342,34,3,29,3,0.242,,,,,,
504,Jeff Mathis,ARI,C,C,-7,287,27,3,30,1,0.22,,,,,,
505,Chad Kuhl,PIT,SP,SP,-7,,,,,,,179,10,0,4.18,1.35,164
506,Roberto Perez,CLE,C,C,-7,264,27,5,34,1,0.211,,,,,,
507,Pedro Strop,CHC,RP,RP,-7,,,,,,,62,5,3,3.67,1.21,64
508,Tom Murphy,COL,C,C,-7,223,31,12,38,0,0.212,,,,,,
509,Liam Hendriks,OAK,RP,RP,-7,,,,,,,63,4,2,3.7,1.27,68
510,Dixon Machado,DET,2B/SS,2B/SS,-7,481,48,6,52,14,0.252,,,,,,
511,Jason Castro,MIN,C,C,-7,431,37,11,34,2,0.214,,,,,,
512,Carlos Asuaje,SD,2B,2B,-8,464,57,5,53,8,0.248,,,,,,
513,Tony Wolters,COL,C,C,-8,301,32,3,38,3,0.242,,,,,,
514,Pablo Sandoval,SF,3B,1B/3B,-8,289,38,8,44,1,0.238,,,,,,
515,Wilmer Difo,WSH,2B/SS,2B/SS/ 3B,-8,308,29,3,19,15,0.275,,,,,,
516,Johan Camargo,ATL,SS/3B,SS/3B,-8,502,51,9,60,1,0.254,,,,,,
517,Yusmeiro Petit,OAK,RP,RP,-8,,,,,,,83,6,2,3.51,1.04,81
518,J.T. Riddle,MIA,SS,SS,-8,424,40,8,41,3,0.253,,,,,,
519,Howie Kendrick,WSH,OF,2B/OF,-8,377,38,8,42,10,0.287,,,,,,
520,Hernan Perez,MIL,3B/OF,2B/3B/ OF,-8,175,27,5,27,10,0.264,,,,,,
521,Paulo Orlando,KC,OF,OF,-8,432,58,9,51,9,0.272,,,,,,
522,Aledmys Diaz,TOR,SS,SS,-8,361,47,8,40,3,0.266,,,,,,
523,Logan Forsythe,LAD,2B/3B,2B/3B,-8,345,43,9,50,6,0.235,,,,,,
524,Pat Valaika,COL,SS,SS,-8,205,31,15,44,0,0.263,,,,,,
525,Hector Rondon,HOU,RP,RP,-8,,,,,,,60,4,1,3.77,1.19,66
526,Jimmie Sherfy,ARI,RP,RP,-8,,,,,,,54,3,2,3.69,1.29,60
527,Craig Stammen,SD,RP,RP,-8,,,,,,,73,3,1,3.58,1.24,68
