"RANK, PLAYER",TEAM,AGE,ELIG.,POS,$10T,$12T,NAME,RANK,VALUE,POS
1. Mike Trout,LAA,25,OF,OF1,$42 ,$47 , Mike Trout,1,47.00,OF1
2. Jose Altuve,HOU,26,2B,2B1,$41 ,$42 , Jose Altuve,2,42.00,2B1
3. Mookie Betts,BOS,24,OF,OF2,$40 ,$42 , Mookie Betts,3,42.00,OF2
4. Nolan Arenado,COL,25,3B,3B1,$38 ,$40 , Nolan Arenado,4,40.00,3B1
5. Kris Bryant,CHC,25,3B/OF,3B2,$37 ,$38 , Kris Bryant,5,38.00,3B2
6. Paul Goldschmidt,ARI,29,1B,1B1,$36 ,$37 , Paul Goldschmidt,6,37.00,1B1
7. Manny Machado,BAL,24,3B/SS,3B3,$35 ,$36 , Manny Machado,7,36.00,3B3
8. Josh Donaldson,TOR,31,3B,3B4,$34 ,$35 , Josh Donaldson,8,35.00,3B4
9. Clayton Kershaw,LAD,29,SP,SP1,$33 ,$34 , Clayton Kershaw,9,34.00,SP1
10. Bryce Harper,WAS,24,OF,OF4,$32 ,$33 , Bryce Harper,10,33.00,OF4
11. Miguel Cabrera,DET,33,1B,1B2,$31 ,$33 , Miguel Cabrera,11,33.00,1B2
12. Anthony Rizzo,CHC,27,1B,1B3,$30 ,$32 , Anthony Rizzo,12,32.00,1B3
13. Charlie Blackmon,COL,30,OF,OF5,$29 ,$31 , Charlie Blackmon,13,31.00,OF5
14. Madison Bumgarner,SF,27,SP,SP2,$28 ,$30 , Madison Bumgarner,14,30.00,SP2
15. Trea Turner,WAS,23,OF/2B,OF6,$28 ,$30 , Trea Turner,15,30.00,OF6
16. Carlos Correa,HOU,22,SS,SS2,$27 ,$28 , Carlos Correa,16,28.00,SS2
17. Max Scherzer,WAS,32,SP,SP3,$27 ,$28 , Max Scherzer,17,28.00,SP3
18. Corey Seager,LAD,22,SS,SS3,$26 ,$27 , Corey Seager,18,27.00,SS3
19. Chris Sale,BOS,28,SP,SP4,$26 ,$27 , Chris Sale,19,27.00,SP4
20. Freddie Freeman,ATL,27,1B,1B4,$26 ,$27 , Freddie Freeman,20,27.00,1B4
21. Joey Votto,CIN,33,1B,1B5,$25 ,$26 , Joey Votto,21,26.00,1B5
22. Francisco Lindor,CLE,23,SS,SS4,$25 ,$26 , Francisco Lindor,22,26.00,SS4
23. Corey Kluber,CLE,30,SP,SP5,$25 ,$26 , Corey Kluber,23,26.00,SP5
24. Starling Marte,PIT,28,OF,OF7,$25 ,$26 , Starling Marte,24,26.00,OF7
25. Noah Syndergaard,NYM,24,SP,SP6,$24 ,$26 , Noah Syndergaard,25,26.00,SP6
26. Xander Bogaerts,BOS,24,SS,SS5,$24 ,$26 , Xander Bogaerts,26,26.00,SS5
27. Edwin Encarnacion,CLE,34,1B,1B6,$24 ,$26 , Edwin Encarnacion,27,26.00,1B6
28. Daniel Murphy,WAS,32,2B/1B,2B3,$24 ,$26 , Daniel Murphy,28,26.00,2B3
29. Brian Dozier,MIN,29,2B,2B4,$23 ,$25 , Brian Dozier,29,25.00,2B4
30. Carlos Gonzalez,COL,31,OF,OF8,$23 ,$25 , Carlos Gonzalez,30,25.00,OF8
31. Jake Arrieta,CHC,31,SP,SP7,$23 ,$25 , Jake Arrieta,31,25.00,SP7
32. Robinson Cano,SEA,34,2B,2B5,$22 ,$24 , Robinson Cano,32,24.00,2B5
33. Justin Verlander,DET,34,SP,SP8,$22 ,$24 , Justin Verlander,33,24.00,SP8
34. Ryan Braun,MIL,33,OF,OF9,$22 ,$24 , Ryan Braun,34,24.00,OF9
35. Jonathan Villar,MIL,25,SS/3B,SS6,$22 ,$24 , Jonathan Villar,35,24.00,SS6
36. Yoenis Cespedes,NYM,31,OF,OF10,$22 ,$24 , Yoenis Cespedes,36,24.00,OF10
37. Jon Lester,CHC,33,SP,SP9,$22 ,$24 , Jon Lester,37,24.00,SP9
38. Trevor Story,COL,24,SS,SS7,$22 ,$24 , Trevor Story,38,24.00,SS7
39. George Springer,HOU,27,OF,OF11,$21 ,$23 , George Springer,39,23.00,OF11
40. Christian Yelich,MIA,25,OF,OF12,$21 ,$23 , Christian Yelich,40,23.00,OF12
41. Kyle Seager,SEA,29,3B,3B6,$21 ,$23 , Kyle Seager,41,23.00,3B6
42. Johnny Cueto,SF,31,SP,SP10,$21 ,$23 , Johnny Cueto,42,23.00,SP10
43. Jose Abreu,CWS,30,1B,1B8,$20 ,$22 , Jose Abreu,43,22.00,1B8
44. Giancarlo Stanton,MIA,27,OF,OF13,$20 ,$22 , Giancarlo Stanton,44,22.00,OF13
45. Gregory Polanco,PIT,25,OF,OF14,$20 ,$22 , Gregory Polanco,45,22.00,OF14
46. Wil Myers,SD,26,1B,1B9,$20 ,$22 , Wil Myers,46,22.00,1B9
47. Nelson Cruz,SEA,36,OF,OF15,$20 ,$22 , Nelson Cruz,47,22.00,OF15
48. Chris Archer,TB,28,SP,SP11,$20 ,$22 , Chris Archer,48,22.00,SP11
49. Rougned Odor,TEX,23,2B,2B6,$20 ,$22 , Rougned Odor,49,22.00,2B6
50. Yu Darvish,TEX,30,SP,SP12,$20 ,$21 , Yu Darvish,50,21.00,SP12
51. Andrew McCutchen,PIT,30,OF,OF16,$19 ,$21 , Andrew McCutchen,51,21.00,OF16
52. Adrian Beltre,TEX,37,3B,3B7,$19 ,$21 , Adrian Beltre,52,21.00,3B7
53. Billy Hamilton,CIN,26,OF,OF17,$19 ,$21 , Billy Hamilton,53,21.00,OF17
54. A.J. Pollock,ARI,29,OF,OF18,$19 ,$21 , A.J. Pollock,54,21.00,OF18
55. Carlos Martinez,STL,25,SP,SP13,$19 ,$21 , Carlos Martinez,55,21.00,SP13
56. Matt Carpenter,STL,31,3B/1B/2B,3B8,$19 ,$21 , Matt Carpenter,56,21.00,3B8
57. Carlos Carrasco,CLE,30,SP,SP14,$18 ,$20 , Carlos Carrasco,57,20.00,SP14
58. Justin Upton,DET,29,OF,OF19,$18 ,$20 , Justin Upton,58,20.00,OF19
59. Buster Posey,SF,30,C,C1,$18 ,$20 , Buster Posey,59,20.00,C1
60. Dee Gordon,MIA,28,2B,2B8,$18 ,$20 , Dee Gordon,60,20.00,2B8
61. Kenley Jansen,LAD,29,RP,RP1,$18 ,$19 , Kenley Jansen,61,19.00,RP1
62. J.D. Martinez,DET,29,OF,OF20,$17 ,$19 , J.D. Martinez,62,19.00,OF20
63. Ian Kinsler,DET,34,2B,2B9,$17 ,$19 , Ian Kinsler,63,19.00,2B9
64. Zach Britton,BAL,29,RP,RP2,$17 ,$19 , Zach Britton,64,19.00,RP2
65. Stephen Strasburg,WAS,28,SP,SP15,$17 ,$19 , Stephen Strasburg,65,19.00,SP15
66. Jose Bautista,TOR,36,OF,OF21,$17 ,$19 , Jose Bautista,66,19.00,OF21
67. Jacob deGrom,NYM,28,SP,SP16,$16 ,$19 , Jacob deGrom,67,19.00,SP16
68. Aroldis Chapman,NYY,29,RP,RP3,$16 ,$18 , Aroldis Chapman,68,18.00,RP3
69. Adam Jones,BAL,31,OF,OF22,$16 ,$18 , Adam Jones,69,18.00,OF22
70. Carlos Santana,CLE,30,1B,1B11,$16 ,$18 , Carlos Santana,70,18.00,1B11
71. DJ LeMahieu,COL,28,2B,2B10,$15 ,$18 , DJ LeMahieu,71,18.00,2B10
72. Kyle Hendricks,CHC,27,SP,SP17,$15 ,$17 , Kyle Hendricks,72,17.00,SP17
73. Todd Frazier,CWS,31,3B,3B9,$15 ,$17 , Todd Frazier,73,17.00,3B9
74. Chris Davis,BAL,31,1B,1B12,$15 ,$17 , Chris Davis,74,17.00,1B12
75. Mark Trumbo,BAL,31,OF,OF23,$15 ,$17 , Mark Trumbo,75,17.00,OF23
76. Mark Melancon,SF,32,RP,RP4,$14 ,$17 , Mark Melancon,76,17.00,RP4
77. Hanley Ramirez,BOS,33,1B,1B13,$14 ,$16 , Hanley Ramirez,77,16.00,1B13
78. Jean Segura,SEA,27,2B/SS,2B11,$14 ,$16 , Jean Segura,78,16.00,2B11
79. Seung Hwan Oh,STL,34,RP,RP5,$14 ,$16 , Seung Hwan Oh,79,16.00,RP5
80. Kyle Schwarber,CHC,24,OF,OF24,$14 ,$16 , Kyle Schwarber,80,16.00,OF24
81. Masahiro Tanaka,NYY,28,SP,SP18,$14 ,$16 , Masahiro Tanaka,81,16.00,SP18
82. Alex Bregman,HOU,23,3B,3B10,$14 ,$16 , Alex Bregman,82,16.00,3B10
83. Roberto Osuna,TOR,22,RP,RP6,$13 ,$15 , Roberto Osuna,83,15.00,RP6
84. Jose Quintana,CWS,28,SP,SP19,$13 ,$15 , Jose Quintana,84,15.00,SP19
85. Stephen Piscotty,STL,26,OF,OF25,$13 ,$15 , Stephen Piscotty,85,15.00,OF25
86. Eric Hosmer,KC,27,1B,1B14,$13 ,$15 , Eric Hosmer,86,15.00,1B14
87. Gerrit Cole,PIT,26,SP,SP20,$12 ,$14 , Gerrit Cole,87,14.00,SP20
88. Dustin Pedroia,BOS,33,2B,2B12,$12 ,$14 , Dustin Pedroia,88,14.00,2B12
89. Rick Porcello,BOS,28,SP,SP21,$12 ,$14 , Rick Porcello,89,14.00,SP21
90. Wade Davis,CHC,31,RP,RP7,$12 ,$14 , Wade Davis,90,14.00,RP7
91. Evan Longoria,TB,31,3B,3B11,$12 ,$14 , Evan Longoria,91,14.00,3B11
92. Khris Davis,OAK,29,OF,OF26,$12 ,$14 , Khris Davis,92,14.00,OF26
93. Matt Kemp,ATL,32,OF,OF27,$12 ,$14 , Matt Kemp,93,14.00,OF27
94. Edwin Diaz,SEA,23,RP,RP8,$11 ,$13 , Edwin Diaz,94,13.00,RP8
95. Danny Duffy,KC,28,SP/RP,SP22,$11 ,$13 , Danny Duffy,95,13.00,SP22
96. Jackie Bradley Jr.,BOS,26,OF,OF28,$11 ,$13 , Jackie Bradley Jr.,96,13.00,OF28
97. Gary Sanchez,NYY,24,C,C2,$11 ,$13 , Gary Sanchez,97,13.00,C2
98. Anthony Rendon,WAS,26,3B,3B12,$11 ,$13 , Anthony Rendon,98,13.00,3B12
99. Kevin Gausman,BAL,26,SP,SP23,$11 ,$13 , Kevin Gausman,99,13.00,SP23
100. Julio Teheran,ATL,26,SP,SP24,$11 ,$13 , Julio Teheran,100,13.00,SP24
101. Jose Ramirez,CLE,24,3B/OF,3B13,$10 ,$12 , Jose Ramirez,101,12.00,3B13
102. Kelvin Herrera,KC,27,RP,RP10,$10 ,$12 , Kelvin Herrera,102,12.00,RP10
103. Marcus Stroman,TOR,25,SP,SP25,$10 ,$12 , Marcus Stroman,103,12.00,SP25
104. Adam Eaton,WAS,28,OF,OF30,$10 ,$12 , Adam Eaton,104,12.00,OF30
105. Kenta Maeda,LAD,28,SP,SP26,$10 ,$12 , Kenta Maeda,105,12.00,SP26
106. Jason Kipnis,CLE,29,2B,2B13,$10 ,$12 , Jason Kipnis,106,12.00,2B13
107. Danny Salazar,CLE,27,SP,SP27,$10 ,$12 , Danny Salazar,107,12.00,SP27
108. Ken Giles,HOU,26,RP,RP11,$10 ,$12 , Ken Giles,108,12.00,RP11
109. Marcell Ozuna,MIA,26,OF,OF31,$10 ,$12 , Marcell Ozuna,109,12.00,OF31
110. Cole Hamels,TEX,33,SP,SP28,$9 ,$11 , Cole Hamels,110,11.00,SP28
111. Lorenzo Cain,KC,30,OF,OF32,$9 ,$11 , Lorenzo Cain,111,11.00,OF32
112. Aaron Sanchez,TOR,24,SP,SP29,$9 ,$11 , Aaron Sanchez,112,11.00,SP29
113. Miguel Sano,MIN,23,3B/OF,3B14,$9 ,$11 , Miguel Sano,113,11.00,3B14
114. Craig Kimbrel,BOS,28,RP,RP12,$9 ,$11 , Craig Kimbrel,114,11.00,RP12
115. Andrew Benintendi,BOS,22,OF,OF34,$9 ,$11 , Andrew Benintendi,115,11.00,OF34
116. Andrew Miller,CLE,31,RP,RP13,$8 ,$10 , Andrew Miller,116,10.00,RP13
117. Brandon Belt,SF,28,1B,1B15,$8 ,$10 , Brandon Belt,117,10.00,1B15
118. Justin Turner,LAD,32,3B,3B15,$8 ,$10 , Justin Turner,118,10.00,3B15
119. Albert Pujols,LAA,37,1B,1B16,$8 ,$10 , Albert Pujols,119,10.00,1B16
120. Rich Hill,LAD,37,SP,SP30,$7 ,$9 , Rich Hill,120,9.00,SP30
121. Jonathan Lucroy,TEX,30,C,C3,$8 ,$10 , Jonathan Lucroy,121,10.00,C3
122. Addison Russell,CHC,23,SS,SS9,$7 ,$9 , Addison Russell,122,9.00,SS9
123. Zack Greinke,ARI,33,SP,SP31,$9 ,$11 , Zack Greinke,123,11.00,SP31
124. Michael Brantley,CLE,29,OF,OF35,$7 ,$9 , Michael Brantley,124,9.00,OF35
125. Jeurys Familia,NYM,27,RP,RP14,$7 ,$9 , Jeurys Familia,125,9.00,RP14
126. John Lackey,CHC,38,SP,SP32,$7 ,$9 , John Lackey,126,9.00,SP32
127. Michael Fulmer,DET,24,SP,SP33,$7 ,$9 , Michael Fulmer,127,9.00,SP33
128. Odubel Herrera,PHI,25,OF,OF36,$7 ,$9 , Odubel Herrera,128,9.00,OF36
129. Cody Allen,CLE,28,RP,RP15,$7 ,$9 , Cody Allen,129,9.00,RP15
130. Adam Duvall,CIN,28,OF,OF37,$7 ,$9 , Adam Duvall,130,9.00,OF37
131. Drew Smyly,SEA,27,SP,SP34,$6 ,$8 , Drew Smyly,131,8.00,SP34
132. Elvis Andrus,TEX,28,SS,SS10,$6 ,$8 , Elvis Andrus,132,8.00,SS10
133. Alex Colome,TB,28,RP,RP16,$6 ,$8 , Alex Colome,133,8.00,RP16
134. Brad Miller,TB,27,SS/1B,SS11,$6 ,$8 , Brad Miller,134,8.00,SS11
135. Kendrys Morales,TOR,33,DH,DH1,$6 ,$8 , Kendrys Morales,135,8.00,DH1
136. Matt Shoemaker,LAA,30,SP,SP35,$6 ,$8 , Matt Shoemaker,136,8.00,SP35
137. Maikel Franco,PHI,24,3B,3B16,$6 ,$8 , Maikel Franco,137,8.00,3B16
138. Kole Calhoun,LAA,29,OF,OF38,$6 ,$8 , Kole Calhoun,138,8.00,OF38
139. Adrian Gonzalez,LAD,34,1B,1B18,$6 ,$8 , Adrian Gonzalez,139,8.00,1B18
140. Lance McCullers,HOU,23,SP,SP36,$5 ,$7 , Lance McCullers,140,7.00,SP36
141. Troy Tulowitzki,TOR,32,SS,SS12,$5 ,$8 , Troy Tulowitzki,141,8.00,SS12
142. Willson Contreras,CHC,24,C/OF,C4,$5 ,$7 , Willson Contreras,142,7.00,C4
143. Carlos Gomez,TEX,31,OF,OF40,$5 ,$7 , Carlos Gomez,143,7.00,OF40
144. David Robertson,CWS,31,RP,RP17,$5 ,$7 , David Robertson,144,7.00,RP17
145. Jake Odorizzi,TB,27,SP,SP37,$6 ,$8 , Jake Odorizzi,145,8.00,SP37
146. Jay Bruce,NYM,29,OF,OF41,$5 ,$7 , Jay Bruce,146,7.00,OF41
147. J.T. Realmuto,MIA,26,C,C5,$5 ,$7 , J.T. Realmuto,147,7.00,C5
148. Victor Martinez,DET,38,DH,DH2,$5 ,$7 , Victor Martinez,148,7.00,DH2
149. Aledmys Diaz,STL,26,SS,SS13,$5 ,$7 , Aledmys Diaz,149,7.00,SS13
150. Ian Desmond,COL,31,OF,OF42,$5 ,$7 , Ian Desmond,150,7.00,OF42
151. Jake Lamb,ARI,26,3B,3B17,$5 ,$7 , Jake Lamb,151,7.00,3B17
152. Tanner Roark,WAS,30,SP,SP38,$5 ,$7 , Tanner Roark,152,7.00,SP38
153. Randal Grichuk,STL,25,OF,OF43,$4 ,$6 , Randal Grichuk,153,6.00,OF43
154. Dexter Fowler,STL,31,OF,OF44,$4 ,$6 , Dexter Fowler,154,6.00,OF44
155. Jeff Samardzija,SF,32,SP,SP39,$4 ,$6 , Jeff Samardzija,155,6.00,SP39
156. Dellin Betances,NYY,29,RP,RP18,$4 ,$6 , Dellin Betances,156,6.00,RP18
157. Yasmani Grandal,LAD,28,C,C6,$4 ,$6 , Yasmani Grandal,157,6.00,C6
158. Steven Matz,NYM,25,SP,SP40,$4 ,$6 , Steven Matz,158,6.00,SP40
159. Joc Pederson,LAD,24,OF,OF45,$4 ,$6 , Joc Pederson,159,6.00,OF45
160. Evan Gattis,HOU,30,C,C7,$4 ,$6 , Evan Gattis,160,6.00,C7
161. Marco Estrada,TOR,33,SP,SP41,$4 ,$6 , Marco Estrada,161,6.00,SP41
162. Ben Zobrist,CHC,35,2B/OF,2B14,$4 ,$6 , Ben Zobrist,162,6.00,2B14
163. Dallas Keuchel,HOU,29,SP,SP42,$3 ,$5 , Dallas Keuchel,163,5.00,SP42
164. Nick Castellanos,DET,25,3B,3B18,$4 ,$6 , Nick Castellanos,164,6.00,3B18
165. Eduardo Nunez,SF,29,3B/SS,3B19,$3 ,$6 , Eduardo Nunez,165,6.00,3B19
166. Byron Buxton,MIN,23,OF,OF47,$3 ,$5 , Byron Buxton,166,5.00,OF47
167. Raisel Iglesias,CIN,27,RP/SP,RP19,$3 ,$5 , Raisel Iglesias,167,5.00,RP19
168. Curtis Granderson,NYM,36,OF,OF48,$3 ,$5 , Curtis Granderson,168,5.00,OF48
169. Felix Hernandez,SEA,30,SP,SP44,$4 ,$6 , Felix Hernandez,169,6.00,SP44
170. Mike Napoli,TEX,35,1B,1B19,$3 ,$5 , Mike Napoli,170,5.00,1B19
171. Melky Cabrera,CWS,32,OF,OF49,$3 ,$5 , Melky Cabrera,171,5.00,OF49
172. Jon Gray,COL,25,SP,SP45,$3 ,$5 , Jon Gray,172,5.00,SP45
173. A.J. Ramos,MIA,30,RP,RP20,$2 ,$4 , A.J. Ramos,173,4.00,RP20
174. Jacoby Ellsbury,NYY,33,OF,OF50,$2 ,$4 , Jacoby Ellsbury,174,4.00,OF50
175. David Price,BOS,31,SP,SP46,$9 ,$11 , David Price,175,11.00,SP46
176. Starlin Castro,NYY,27,2B,2B15,$2 ,$4 , Starlin Castro,176,4.00,2B15
177. Ender Inciarte,ATL,26,OF,OF51,$2 ,$4 , Ender Inciarte,177,4.00,OF51
178. Aaron Nola,PHI,23,SP,SP47,$2 ,$4 , Aaron Nola,178,4.00,SP47
179. Matt Harvey,NYM,28,SP,SP48,$2 ,$4 , Matt Harvey,179,4.00,SP48
180. Francisco Rodriguez,DET,35,RP,RP21,$2 ,$4 , Francisco Rodriguez,180,4.00,RP21
181. Salvador Perez,KC,26,C,C8,$2 ,$4 , Salvador Perez,181,4.00,C8
182. Carlos Beltran,HOU,39,OF,OF52,$2 ,$4 , Carlos Beltran,182,4.00,OF52
183. James Paxton,SEA,28,SP,SP49,$2 ,$4 , James Paxton,183,4.00,SP49
184. Michael Pineda,NYY,28,SP,SP50,$2 ,$4 , Michael Pineda,184,4.00,SP50
185. Dansby Swanson,ATL,23,SS,SS15,$2 ,$4 , Dansby Swanson,185,4.00,SS15
186. Jonathan Schoop,BAL,25,2B,2B16,$2 ,$4 , Jonathan Schoop,186,4.00,2B16
187. Tony Watson,PIT,31,RP,RP22,$2 ,$4 , Tony Watson,187,4.00,RP22
188. Jose Peraza,CIN,22,SS/OF,SS16,$2 ,$4 , Jose Peraza,188,4.00,SS16
189. Mike Moustakas,KC,28,3B,3B20,$2 ,$4 , Mike Moustakas,189,4.00,3B20
190. J.A. Happ,TOR,34,SP,SP51,$2 ,$4 , J.A. Happ,190,4.00,SP51
191. Keon Broxton,MIL,26,OF,OF54,$1 ,$3 , Keon Broxton,191,3.00,OF54
192. Logan Forsythe,LAD,30,2B,2B17,$1 ,$3 , Logan Forsythe,192,3.00,2B17
193. Jameson Taillon,PIT,25,SP,SP52,$1 ,$3 , Jameson Taillon,193,3.00,SP52
194. Javier Baez,CHC,24,3B/2B/SS,3B21,$1 ,$3 , Javier Baez,194,3.00,3B21
195. Kevin Kiermaier,TB,26,OF,OF55,$1 ,$3 , Kevin Kiermaier,195,3.00,OF55
196. Robbie Ray,ARI,25,SP,SP53,$1 ,$3 , Robbie Ray,196,3.00,SP53
197. Russell Martin,TOR,34,C,C9,$1 ,$3 , Russell Martin,197,3.00,C9
198. Sean Manaea,OAK,25,SP,SP54,$1 ,$3 , Sean Manaea,198,3.00,SP54
199. Rajai Davis,OAK,36,OF,OF56,$1 ,$3 , Rajai Davis,199,3.00,OF56
200. Yulieski Gurriel,HOU,32,3B,3B22,$1 ,$3 , Yulieski Gurriel,200,3.00,3B22
201. Adam Wainwright,STL,35,SP,SP55,$1 ,$3 , Adam Wainwright,201,3.00,SP55
202. Jim Johnson,ATL,33,RP,RP23,$1 ,$3 , Jim Johnson,202,3.00,RP23
203. Yasmany Tomas,ARI,26,OF,OF57,$1 ,$3 , Yasmany Tomas,203,3.00,OF57
204. Brian McCann,HOU,33,C,C10,$1 ,$3 , Brian McCann,204,3.00,C10
205. Brandon Crawford,SF,30,SS,SS18,$1 ,$3 , Brandon Crawford,205,3.00,SS18
206. Taijuan Walker,ARI,24,SP,SP56,$1 ,$3 , Taijuan Walker,206,3.00,SP56
207. Brett Gardner,NYY,33,OF,OF58,$1 ,$3 , Brett Gardner,207,3.00,OF58
208. Marcus Semien,OAK,26,SS,SS19,$1 ,$3 , Marcus Semien,208,3.00,SS19
209. Sonny Gray,OAK,27,SP,SP57,$1 ,$3 , Sonny Gray,209,3.00,SP57
210. Ryon Healy,OAK,25,3B,3B23,$1 ,$3 , Ryon Healy,210,3.00,3B23
211. Carlos Rodon,CWS,24,SP,SP58,$2 ,$4 , Carlos Rodon,211,4.00,SP58
212. Eric Thames,MIL,30,OF,OF59,$1 ,$3 , Eric Thames,212,3.00,OF59
213. Vince Velasquez,PHI,24,SP,SP59,$1 ,$3 , Vince Velasquez,213,3.00,SP59
214. Tommy Joseph,PHI,25,1B,1B20,$1 ,$3 , Tommy Joseph,214,3.00,1B20
215. Neil Walker,NYM,31,2B,2B19,$1 ,$3 , Neil Walker,215,3.00,2B19
216. Nomar Mazara,TEX,21,OF,OF60,$1 ,$3 , Nomar Mazara,216,3.00,OF60
217. Yasiel Puig,LAD,26,OF,OF61,$1 ,$3 , Yasiel Puig,217,3.00,OF61
218. Drew Pomeranz,BOS,28,SP,SP60,$1 ,$3 , Drew Pomeranz,218,3.00,SP60
219. Eugenio Suarez,CIN,25,3B,3B24,$1 ,$3 , Eugenio Suarez,219,3.00,3B24
220. Yadier Molina,STL,34,C,C11,$1 ,$3 , Yadier Molina,220,3.00,C11
221. David Dahl,COL,23,OF,OF62,$1 ,$3 , David Dahl,221,3.00,OF62
222. Matt Moore,SF,27,SP,SP61,$1 ,$3 , Matt Moore,222,3.00,SP61
223. Sam Dyson,TEX,28,RP,RP24,$1 ,$3 , Sam Dyson,223,3.00,RP24
224. Devon Travis,TOR,26,2B,2B20,$1 ,$3 , Devon Travis,224,3.00,2B20
225. Domingo Santana,MIL,24,OF,OF63,$1 ,$3 , Domingo Santana,225,3.00,OF63
226. Ivan Nova,PIT,30,SP,SP62,$1 ,$3 , Ivan Nova,226,3.00,SP62
227. Jung Ho Kang,PIT,29,3B,3B25,$1 ,$3 , Jung Ho Kang,227,3.00,3B25
228. Greg Bird,NYY,24,1B,1B21,$0 ,$1 , Greg Bird,228,1.00,1B21
229. Anthony DeSclafani,CIN,26,SP,SP63,$1 ,$3 , Anthony DeSclafani,229,3.00,SP63
230. Eduardo Rodriguez,BOS,23,SP,SP64,$1 ,$2 , Eduardo Rodriguez,230,2.00,SP64
231. Matt Wieters,WAS,30,C,C12,$1 ,$2 , Matt Wieters,231,2.00,C12
232. Manuel Margot,SD,22,OF,OF64,$1 ,$2 , Manuel Margot,232,2.00,OF64
233. Jedd Gyorko,STL,28,2B/3B/SS,2B21,$1 ,$2 , Jedd Gyorko,233,2.00,2B21
234. Hisashi Iwakuma,SEA,35,SP,SP65,$1 ,$2 , Hisashi Iwakuma,234,2.00,SP65
235. Brandon Maurer,SD,26,RP,RP25,$1 ,$2 , Brandon Maurer,235,2.00,RP25
236. Brandon Phillips,ATL,35,2B,2B22,$1 ,$2 , Brandon Phillips,236,2.00,2B22
237. Ian Kennedy,KC,32,SP,SP66,$1 ,$2 , Ian Kennedy,237,2.00,SP66
238. C.J. Cron,LAA,27,1B,1B22,$1 ,$3 , C.J. Cron,238,3.00,1B22
239. Welington Castillo,BAL,29,C,C13,$1 ,$2 , Welington Castillo,239,2.00,C13
240. Hunter Pence,SF,33,OF,OF65,$1 ,$2 , Hunter Pence,240,2.00,OF65
241. Neftali Feliz,MIL,28,RP,RP26,$1 ,$2 , Neftali Feliz,241,2.00,RP26
242. Tim Anderson,CWS,23,SS,SS21,$1 ,$2 , Tim Anderson,242,2.00,SS21
243. Josh Harrison,PIT,29,2B,2B23,$1 ,$2 , Josh Harrison,243,2.00,2B23
244. Julio Urias,LAD,20,SP,SP67,$1 ,$2 , Julio Urias,244,2.00,SP67
245. Joe Ross,WAS,23,SP,SP68,$1 ,$2 , Joe Ross,245,2.00,SP68
246. Hector Neris,PHI,27,RP,RP27,$1 ,$2 , Hector Neris,246,2.00,RP27
247. Jose Reyes,NYM,33,3B,3B27,$1 ,$2 , Jose Reyes,247,2.00,3B27
248. Max Kepler,MIN,24,OF,OF66,$1 ,$2 , Max Kepler,248,2.00,OF66
249. Gio Gonzalez,WAS,31,SP,SP69,$1 ,$2 , Gio Gonzalez,249,2.00,SP69
250. Asdrubal Cabrera,NYM,31,SS,SS22,$1 ,$2 , Asdrubal Cabrera,250,2.00,SS22
251. Stephen Vogt,OAK,32,C,C14,$0 ,$1 , Stephen Vogt,251,1.00,C14
252. Jason Heyward,CHC,27,OF,OF67,$0 ,$1 , Jason Heyward,252,1.00,OF67
253. Garrett Richards,LAA,28,SP,SP70,$0 ,$1 , Garrett Richards,253,1.00,SP70
254. David Peralta,ARI,29,OF,OF68,$0 ,$1 , David Peralta,254,1.00,OF68
255. Zach Davies,MIL,24,SP,SP71,$0 ,$1 , Zach Davies,255,1.00,SP71
256. Brandon Drury,ARI,24,OF/3B,OF69,$0 ,$1 , Brandon Drury,256,1.00,OF69
257. Didi Gregorius,NYY,27,SS,SS23,$1 ,$3 , Didi Gregorius,257,3.00,SS23
258. Adam Ottavino,COL,31,RP,RP28,$0 ,$1 , Adam Ottavino,258,1.00,RP28
259. Michael Wacha,STL,25,SP/RP,SP72,$0 ,$1 , Michael Wacha,259,1.00,SP72
260. Addison Reed,NYM,28,RP,RP30,$0 ,$1 , Addison Reed,260,1.00,RP30
261. Michael Conforto,NYM,24,OF,OF70,$0 ,$1 , Michael Conforto,261,1.00,OF70
262. Orlando Arcia,MIL,22,SS,SS24,$0 ,$1 , Orlando Arcia,262,1.00,SS24
263. Ryan Madson,OAK,36,RP,RP31,$0 ,$1 , Ryan Madson,263,1.00,RP31
264. Joe Panik,SF,26,2B,2B24,$0 ,$1 , Joe Panik,264,1.00,2B24
265. Jharel Cotton,OAK,25,SP,SP73,$0 ,$1 , Jharel Cotton,265,1.00,SP73
266. Martin Prado,MIA,33,3B,3B29,$0 ,$1 , Martin Prado,266,1.00,3B29
267. Justin Bour,MIA,28,1B,1B23,$0 ,$1 , Justin Bour,267,1.00,1B23
268. Jarrod Dyson,SEA,32,OF,OF71,$0 ,$1 , Jarrod Dyson,268,1.00,OF71
269. Blake Snell,TB,24,SP,SP74,$0 ,$1 , Blake Snell,269,1.00,SP74
270. Cesar Hernandez,PHI,26,2B,2B25,$0 ,$1 , Cesar Hernandez,270,1.00,2B25
271. Yangervis Solarte,SD,29,3B,3B30,$0 ,$1 , Yangervis Solarte,271,1.00,3B30
272. Mitch Moreland,BOS,31,1B,1B24,$0 ,$1 , Mitch Moreland,272,1.00,1B24
273. Mitch Haniger,SEA,26,OF,OF72,$0 ,$1 , Mitch Haniger,273,1.00,OF72
274. Alcides Escobar,KC,30,SS,SS25,$0 ,$1 , Alcides Escobar,274,1.00,SS25
275. Ben Revere,LAA,28,OF,OF73,$0 ,$1 , Ben Revere,275,1.00,OF73
276. Josh Bell,PIT,24,1B,1B25,$0 ,$1 , Josh Bell,276,1.00,1B25
277. Jerad Eickhoff,PHI,26,SP,SP75,$0 ,$1 , Jerad Eickhoff,277,1.00,SP75
278. Mike Zunino,SEA,26,C,C15,$0 ,$1 , Mike Zunino,278,1.00,C15
279. Cam Bedrosian,LAA,25,RP,RP32,$0 ,$1 , Cam Bedrosian,279,1.00,RP32
280. Hunter Renfroe,SD,25,OF,OF74,$0 ,$1 , Hunter Renfroe,280,1.00,OF74
281. Jason Hammel,KC,34,SP,SP76,$0 ,$1 , Jason Hammel,281,1.00,SP76
282. Francisco Cervelli,PIT,31,C,C16,$0 ,$1 , Francisco Cervelli,282,1.00,C16
283. Josh Reddick,HOU,30,OF,OF75,$0 ,$1 , Josh Reddick,283,1.00,OF75
284. Kevin Pillar,TOR,28,OF,OF76,$0 ,$1 , Kevin Pillar,284,1.00,OF76
285. Mike Foltynewicz,ATL,25,SP,SP77,$0 ,$1 , Mike Foltynewicz,285,1.00,SP77
286. Jorge Soler,KC,25,OF,OF77,$0 ,$1 , Jorge Soler,286,1.00,OF77
287. Corey Dickerson,TB,27,OF,OF78,$0 ,$1 , Corey Dickerson,287,1.00,OF78
288. Chris Owings,ARI,25,SS/OF,SS26,$0 ,$1 , Chris Owings,288,1.00,SS26
289. Pedro Alvarez,BAL,30,DH,DH3,$0 ,$1 , Pedro Alvarez,289,1.00,DH3
290. Chris Tillman,BAL,28,SP,SP78,$0 ,$1 , Chris Tillman,290,1.00,SP78
291. Wilson Ramos,TB,29,C,C17,$0 ,$1 , Wilson Ramos,291,1.00,C17
292. Pablo Sandoval,BOS,30,3B,3B31,$0 ,$1 , Pablo Sandoval,292,1.00,3B31
293. Steven Souza Jr.,TB,27,OF,OF80,$0 ,$1 , Steven Souza Jr.,293,1.00,OF80
294. Fernando Rodney,ARI,40,RP,RP33,$0 ,$1 , Fernando Rodney,294,1.00,RP33
295. Dylan Bundy,BAL,24,RP/SP,RP34,$0 ,$1 , Dylan Bundy,295,1.00,RP34
296. Chris Carter,NYY,30,1B,1B26,$0 ,$1 , Chris Carter,296,1.00,1B26
297. Tyler Glasnow,PIT,23,SP,SP80,$0 ,$1 , Tyler Glasnow,297,1.00,SP80
298. Yoan Moncada,CWS,21,3B,3B32,$0 ,$1 , Yoan Moncada,298,1.00,3B32
299. Alex Cobb,TB,29,SP,SP81,$0 ,$1 , Alex Cobb,299,1.00,SP81
300. Cameron Maybin,LAA,29,OF,OF81,$0 ,$0 , Cameron Maybin,300,0.00,OF81